{
    "Logistic Regression": {
        "AUC": 0.8158747174384191,
        "F1": 0.46037735849056605,
        "Recall": 0.7349397590361446,
        "Precision": 0.33516483516483514
    },
    "SVM (RBF)": {
        "AUC": 0.9053972174966791,
        "F1": 0.6595744680851063,
        "Recall": 0.7469879518072289,
        "Precision": 0.5904761904761905
    },
    "Random Forest": {
        "AUC": 0.9319638321176388,
        "F1": 0.5950413223140496,
        "Recall": 0.43373493975903615,
        "Precision": 0.9473684210526315
    },
    "XGBoost": {
        "AUC": 0.9224441285451281,
        "F1": 0.8322981366459627,
        "Recall": 0.8072289156626506,
        "Precision": 0.8589743589743589
    },
    "XGBoost Tuned (best F1)": {
        "AUC": 0.9276875393255808,
        "F1": 0.8535031847133758,
        "Recall": 0.8072289156626506,
        "Precision": 0.9054054054054054,
        "Threshold": 0.7560211420059204
    },
    "XGBoost Tuned (high Recall)": {
        "AUC": 0.9276875393255808,
        "F1": 0.6636363636363637,
        "Recall": 0.8795180722891566,
        "Precision": 0.5328467153284672,
        "Threshold": 0.47302156686782837
    },
    "CatBoost": {
        "AUC": 0.9267786814569691,
        "F1": 0.8313253012048193,
        "Recall": 0.8313253012048193,
        "Precision": 0.8313253012048193
    },
    "CNN 1D": {
        "AUC": 0.8490596816667055,
        "F1": 0.42016806722689076,
        "Recall": 0.30120481927710846,
        "Precision": 0.6944444444444444
    }
}