{
    "Logistic Regression": {
        "AUC": 0.8158747174384191,
        "F1": 0.46037735849056605,
        "Recall": 0.7349397590361446,
        "Precision": 0.33516483516483514
    },
    "SVM (RBF)": {
        "AUC": 0.9053972174966791,
        "F1": 0.6595744680851063,
        "Recall": 0.7469879518072289,
        "Precision": 0.5904761904761905
    },
    "Random Forest": {
        "AUC": 0.9321852205728135,
        "F1": 0.6,
        "Recall": 0.43373493975903615,
        "Precision": 0.972972972972973
    },
    "XGBoost": {
        "AUC": 0.9224441285451281,
        "F1": 0.8322981366459627,
        "Recall": 0.8072289156626506,
        "Precision": 0.8589743589743589
    },
    "XGBoost Tuned (best F1)": {
        "AUC": 0.9279438838526252,
        "F1": 0.8395061728395061,
        "Recall": 0.8192771084337349,
        "Precision": 0.8607594936708861,
        "Threshold": 0.7231366038322449
    },
    "XGBoost Tuned (high Recall)": {
        "AUC": 0.9279438838526252,
        "F1": 0.6759259259259259,
        "Recall": 0.8795180722891566,
        "Precision": 0.5488721804511278,
        "Threshold": 0.47833168506622314
    },
    "CatBoost": {
        "AUC": 0.9322551327165527,
        "F1": 0.8192771084337349,
        "Recall": 0.8192771084337349,
        "Precision": 0.8192771084337349
    },
    "CNN 1D": {
        "AUC": 0.8412295215678963,
        "F1": 0.4,
        "Recall": 0.2891566265060241,
        "Precision": 0.6486486486486487
    }
}